ip,tipo_ataque,data_hora
10.0.0.45,Brute force,2025-06-14 05:49:07
192.168.1.2,Tentativa de acesso root,2025-06-12 06:22:07
192.168.1.2,Upload malicioso,2025-06-12 19:41:07
192.168.1.1,DDoS,2025-06-08 15:25:07
203.0.113.5,Tentativa de login inválido,2025-06-14 15:16:07
192.168.1.2,DDoS,2025-06-12 02:29:07
192.168.1.1,Tentativa de login inválido,2025-06-13 01:10:07
192.0.2.12,Tentativa de acesso root,2025-06-10 21:46:07
203.0.113.22,Port scan,2025-06-11 10:55:07
192.168.1.2,XSS,2025-06-08 10:06:07
203.0.113.22,Upload malicioso,2025-06-13 13:04:07
10.0.0.45,Brute force,2025-06-13 06:52:07
198.51.100.23,Upload malicioso,2025-06-13 13:51:07
198.51.100.23,DDoS,2025-06-12 23:13:07
172.16.0.3,Tentativa de acesso root,2025-06-12 11:37:07
198.51.100.23,Upload malicioso,2025-06-11 04:08:07
10.0.0.45,Brute force,2025-06-13 01:17:07
172.16.0.3,DDoS,2025-06-07 18:52:07
192.0.2.12,SQL Injection,2025-06-12 06:23:07
172.16.0.3,Tentativa de acesso root,2025-06-10 18:53:07
203.0.113.5,Tentativa de login inválido,2025-06-11 10:22:07
198.51.100.23,Brute force,2025-06-13 23:20:07
203.0.113.5,XSS,2025-06-12 20:57:07
172.16.0.3,Tentativa de login inválido,2025-06-13 09:07:07
203.0.113.5,Tentativa de acesso root,2025-06-14 10:01:07
203.0.113.5,Upload malicioso,2025-06-07 23:35:07
192.168.1.2,Port scan,2025-06-12 12:24:07
198.51.100.23,Upload malicioso,2025-06-13 10:35:07
203.0.113.22,Upload malicioso,2025-06-10 12:29:07
203.0.113.5,DDoS,2025-06-12 15:03:07
198.51.100.23,Tentativa de login inválido,2025-06-09 17:12:07
203.0.113.5,XSS,2025-06-10 08:44:07
203.0.113.22,Port scan,2025-06-11 18:10:07
192.168.1.2,SQL Injection,2025-06-13 06:27:07
172.16.0.3,Upload malicioso,2025-06-14 09:25:07
203.0.113.5,SQL Injection,2025-06-12 11:45:07
192.168.1.1,XSS,2025-06-11 23:10:07
198.51.100.23,Port scan,2025-06-10 10:55:07
203.0.113.22,Port scan,2025-06-11 20:34:07
192.168.1.2,XSS,2025-06-09 15:15:07
203.0.113.22,Brute force,2025-06-12 01:25:07
203.0.113.5,Brute force,2025-06-13 23:34:07
203.0.113.5,DDoS,2025-06-11 22:25:07
192.168.1.1,Brute force,2025-06-12 08:48:07
192.168.1.2,DDoS,2025-06-14 00:10:07
203.0.113.5,XSS,2025-06-10 08:45:07
10.0.0.45,Port scan,2025-06-08 12:06:07
203.0.113.22,Upload malicioso,2025-06-12 04:18:07
192.168.1.1,Tentativa de acesso root,2025-06-09 05:39:07
192.168.1.1,Port scan,2025-06-13 16:56:07
203.0.113.5,SQL Injection,2025-06-12 17:00:07
203.0.113.5,Tentativa de acesso root,2025-06-13 13:23:07
192.0.2.12,Tentativa de acesso root,2025-06-14 11:03:07
198.51.100.23,Brute force,2025-06-11 22:32:07
203.0.113.22,Tentativa de login inválido,2025-06-07 18:22:07
192.168.1.1,XSS,2025-06-08 07:59:07
192.168.1.1,Upload malicioso,2025-06-13 22:53:07
203.0.113.22,DDoS,2025-06-10 03:01:07
10.0.0.45,Upload malicioso,2025-06-13 05:39:07
10.0.0.45,Port scan,2025-06-12 03:44:07
192.0.2.12,Upload malicioso,2025-06-12 22:44:07
203.0.113.22,Brute force,2025-06-09 11:20:07
192.0.2.12,Tentativa de acesso root,2025-06-13 04:47:07
192.168.1.2,Port scan,2025-06-11 20:34:07
10.0.0.45,XSS,2025-06-12 13:55:07
203.0.113.5,Port scan,2025-06-10 22:50:07
192.168.1.1,Tentativa de acesso root,2025-06-07 18:44:07
10.0.0.45,SQL Injection,2025-06-12 21:30:07
203.0.113.5,XSS,2025-06-08 21:09:07
192.168.1.1,Upload malicioso,2025-06-13 12:40:07
10.0.0.45,Tentativa de acesso root,2025-06-12 05:35:07
192.0.2.12,DDoS,2025-06-11 12:13:07
192.168.1.1,XSS,2025-06-11 04:19:07
203.0.113.5,Brute force,2025-06-10 09:44:07
203.0.113.5,Tentativa de acesso root,2025-06-12 15:54:07
192.168.1.2,Port scan,2025-06-07 23:59:07
10.0.0.45,Tentativa de login inválido,2025-06-13 20:24:07
198.51.100.23,Upload malicioso,2025-06-08 10:45:07
203.0.113.5,Port scan,2025-06-08 06:34:07
172.16.0.3,DDoS,2025-06-10 21:44:07
192.168.1.1,Tentativa de login inválido,2025-06-10 14:03:07
198.51.100.23,SQL Injection,2025-06-12 04:43:07
10.0.0.45,DDoS,2025-06-11 16:22:07
192.168.1.2,Brute force,2025-06-07 17:27:07
203.0.113.22,Upload malicioso,2025-06-08 10:15:07
192.168.1.1,Tentativa de acesso root,2025-06-13 09:43:07
172.16.0.3,Tentativa de login inválido,2025-06-12 17:18:07
203.0.113.22,Tentativa de acesso root,2025-06-12 12:53:07
192.0.2.12,DDoS,2025-06-13 04:58:07
10.0.0.45,Upload malicioso,2025-06-10 13:09:07
172.16.0.3,Upload malicioso,2025-06-13 20:53:07
203.0.113.22,Port scan,2025-06-08 03:42:07
203.0.113.5,SQL Injection,2025-06-12 20:39:07
192.168.1.2,SQL Injection,2025-06-08 13:12:07
172.16.0.3,Port scan,2025-06-12 03:53:07
172.16.0.3,Upload malicioso,2025-06-13 11:50:07
203.0.113.5,Port scan,2025-06-13 02:31:07
10.0.0.45,Tentativa de acesso root,2025-06-12 02:05:07
203.0.113.5,Brute force,2025-06-10 08:49:07
203.0.113.22,Upload malicioso,2025-06-12 03:07:07
10.0.0.45,SQL Injection,2025-06-09 19:46:07
203.0.113.5,DDoS,2025-06-08 10:41:07
203.0.113.5,Tentativa de acesso root,2025-06-10 08:46:07
203.0.113.5,DDoS,2025-06-12 05:58:07
10.0.0.45,SQL Injection,2025-06-13 14:14:07
203.0.113.22,Port scan,2025-06-13 02:32:07
198.51.100.23,DDoS,2025-06-10 00:00:07
203.0.113.5,Tentativa de acesso root,2025-06-11 19:07:07
203.0.113.5,Tentativa de login inválido,2025-06-08 03:12:07
172.16.0.3,Brute force,2025-06-11 10:03:07
192.168.1.1,Port scan,2025-06-13 00:02:07
203.0.113.5,Port scan,2025-06-13 00:48:07
192.0.2.12,XSS,2025-06-11 07:48:07
192.168.1.1,XSS,2025-06-12 01:29:07
172.16.0.3,DDoS,2025-06-10 06:47:07
198.51.100.23,Tentativa de acesso root,2025-06-07 20:56:07
172.16.0.3,Port scan,2025-06-11 04:09:07
198.51.100.23,Upload malicioso,2025-06-14 15:38:07
192.168.1.2,DDoS,2025-06-12 10:44:07
172.16.0.3,SQL Injection,2025-06-11 08:55:07
198.51.100.23,Tentativa de login inválido,2025-06-13 16:10:07
192.0.2.12,Tentativa de acesso root,2025-06-13 08:19:07
10.0.0.45,Tentativa de acesso root,2025-06-14 09:10:07
10.0.0.45,Upload malicioso,2025-06-14 02:27:07
203.0.113.22,SQL Injection,2025-06-14 08:26:07
10.0.0.45,XSS,2025-06-09 17:51:07
203.0.113.5,Upload malicioso,2025-06-09 00:01:07
203.0.113.5,Brute force,2025-06-14 07:45:07
192.0.2.12,Upload malicioso,2025-06-10 12:33:07
192.168.1.1,DDoS,2025-06-13 19:50:07
192.0.2.12,Tentativa de acesso root,2025-06-09 02:45:07
172.16.0.3,Tentativa de login inválido,2025-06-11 11:46:07
192.168.1.1,Upload malicioso,2025-06-14 13:23:07
198.51.100.23,Tentativa de acesso root,2025-06-13 14:33:07
192.168.1.1,Port scan,2025-06-10 08:51:07
192.168.1.1,XSS,2025-06-13 16:29:07
203.0.113.5,DDoS,2025-06-10 04:48:07
198.51.100.23,Brute force,2025-06-12 08:29:07
192.0.2.12,Upload malicioso,2025-06-12 06:33:07
203.0.113.5,Upload malicioso,2025-06-11 20:38:07
203.0.113.5,SQL Injection,2025-06-12 02:00:07
203.0.113.22,Brute force,2025-06-08 14:25:07
203.0.113.22,SQL Injection,2025-06-14 04:45:07
10.0.0.45,Port scan,2025-06-10 20:56:07
198.51.100.23,Upload malicioso,2025-06-10 04:57:07
192.168.1.1,Upload malicioso,2025-06-07 22:50:07
198.51.100.23,Tentativa de login inválido,2025-06-10 02:52:07
198.51.100.23,Tentativa de acesso root,2025-06-11 13:26:07
10.0.0.45,Upload malicioso,2025-06-11 08:10:07
10.0.0.45,Port scan,2025-06-08 08:48:07
192.168.1.2,Port scan,2025-06-12 07:33:07
10.0.0.45,Upload malicioso,2025-06-08 03:06:07
198.51.100.23,DDoS,2025-06-08 10:48:07
192.0.2.12,Upload malicioso,2025-06-10 08:36:07
203.0.113.5,XSS,2025-06-10 02:22:07
192.168.1.1,Upload malicioso,2025-06-11 23:57:07
172.16.0.3,Tentativa de acesso root,2025-06-11 22:45:07
203.0.113.5,DDoS,2025-06-09 05:07:07
203.0.113.5,Brute force,2025-06-10 20:59:07
192.0.2.12,Upload malicioso,2025-06-14 06:22:07
192.168.1.1,Brute force,2025-06-14 00:42:07
172.16.0.3,DDoS,2025-06-08 20:49:07
10.0.0.45,Brute force,2025-06-08 14:59:07
10.0.0.45,Tentativa de acesso root,2025-06-13 21:58:07
10.0.0.45,Tentativa de login inválido,2025-06-08 20:32:07
203.0.113.5,Tentativa de acesso root,2025-06-10 06:46:07
203.0.113.5,Tentativa de acesso root,2025-06-14 07:43:07
203.0.113.5,SQL Injection,2025-06-13 19:54:07
172.16.0.3,DDoS,2025-06-10 07:43:07
203.0.113.22,Upload malicioso,2025-06-11 04:52:07
192.0.2.12,DDoS,2025-06-11 21:53:07
203.0.113.5,SQL Injection,2025-06-08 14:15:07
203.0.113.5,DDoS,2025-06-11 10:56:07
203.0.113.22,DDoS,2025-06-13 00:36:07
172.16.0.3,Port scan,2025-06-13 14:27:07
203.0.113.22,Brute force,2025-06-14 08:19:07
172.16.0.3,SQL Injection,2025-06-11 11:55:07
172.16.0.3,XSS,2025-06-10 12:11:07
192.168.1.1,DDoS,2025-06-09 19:09:07
192.168.1.1,DDoS,2025-06-14 14:30:07
172.16.0.3,Brute force,2025-06-09 22:21:07
203.0.113.5,SQL Injection,2025-06-13 00:00:07
192.168.1.2,DDoS,2025-06-08 16:19:07
198.51.100.23,Port scan,2025-06-09 17:03:07
192.168.1.1,Tentativa de acesso root,2025-06-08 04:19:07
192.168.1.1,DDoS,2025-06-12 06:08:07
192.0.2.12,Port scan,2025-06-13 16:11:07
203.0.113.5,Brute force,2025-06-14 12:23:07
192.168.1.1,Port scan,2025-06-08 08:06:07
10.0.0.45,DDoS,2025-06-13 07:37:07
203.0.113.22,DDoS,2025-06-12 03:14:07
192.168.1.2,XSS,2025-06-08 09:30:07
172.16.0.3,Brute force,2025-06-13 23:24:07
192.168.1.2,DDoS,2025-06-11 20:15:07
203.0.113.5,Port scan,2025-06-07 20:35:07
203.0.113.5,SQL Injection,2025-06-12 06:45:07
203.0.113.22,Port scan,2025-06-08 20:54:07
192.0.2.12,Port scan,2025-06-13 13:10:07
192.168.1.2,DDoS,2025-06-08 09:37:07
192.168.1.2,Upload malicioso,2025-06-11 14:12:07
192.168.1.1,Tentativa de acesso root,2025-06-11 00:15:07
192.0.2.12,Tentativa de login inválido,2025-06-09 23:11:07
10.0.0.45,XSS,2025-06-10 10:26:07
172.16.0.3,Tentativa de acesso root,2025-06-11 16:28:07
10.0.0.45,DDoS,2025-06-13 19:42:07
10.0.0.45,Port scan,2025-06-14 10:29:07
10.0.0.45,Tentativa de acesso root,2025-06-10 21:52:07
203.0.113.5,Brute force,2025-06-08 09:52:07
192.0.2.12,XSS,2025-06-10 03:01:07
203.0.113.5,SQL Injection,2025-06-10 17:30:07
203.0.113.22,XSS,2025-06-12 01:27:07
203.0.113.22,SQL Injection,2025-06-11 18:47:07
192.168.1.2,Port scan,2025-06-14 12:46:07
192.168.1.2,Brute force,2025-06-11 19:38:07
203.0.113.22,DDoS,2025-06-11 03:56:07
198.51.100.23,Tentativa de acesso root,2025-06-11 08:07:07
192.168.1.2,Tentativa de login inválido,2025-06-09 12:53:07
203.0.113.5,Tentativa de acesso root,2025-06-13 16:22:07
203.0.113.5,Brute force,2025-06-07 22:26:07
203.0.113.5,SQL Injection,2025-06-13 14:55:07
172.16.0.3,SQL Injection,2025-06-10 12:22:07
192.0.2.12,Tentativa de login inválido,2025-06-09 04:37:07
192.168.1.2,SQL Injection,2025-06-09 03:43:07
203.0.113.5,DDoS,2025-06-12 12:30:07
203.0.113.5,Brute force,2025-06-11 19:56:07
203.0.113.5,Tentativa de login inválido,2025-06-08 19:35:07
192.0.2.12,Tentativa de login inválido,2025-06-13 20:41:07
192.0.2.12,SQL Injection,2025-06-09 19:07:07
10.0.0.45,Brute force,2025-06-11 08:04:07
203.0.113.22,DDoS,2025-06-10 02:42:07
192.0.2.12,DDoS,2025-06-14 04:46:07
172.16.0.3,Tentativa de acesso root,2025-06-08 21:01:07
192.0.2.12,Brute force,2025-06-14 11:56:07
192.168.1.2,Brute force,2025-06-10 09:24:07
192.0.2.12,Tentativa de login inválido,2025-06-13 04:43:07
203.0.113.5,DDoS,2025-06-11 18:03:07
203.0.113.5,Brute force,2025-06-14 06:03:07
192.168.1.2,Port scan,2025-06-07 17:19:07
172.16.0.3,Tentativa de login inválido,2025-06-07 18:34:07
192.168.1.1,XSS,2025-06-07 20:05:07
203.0.113.5,Tentativa de acesso root,2025-06-14 05:30:07
10.0.0.45,XSS,2025-06-12 17:23:07
192.168.1.2,Port scan,2025-06-08 10:12:07
192.0.2.12,SQL Injection,2025-06-11 20:15:07
10.0.0.45,Port scan,2025-06-12 10:39:07
10.0.0.45,DDoS,2025-06-08 17:07:07
10.0.0.45,DDoS,2025-06-12 07:13:07
192.168.1.1,XSS,2025-06-09 05:03:07
10.0.0.45,Upload malicioso,2025-06-08 22:03:07
203.0.113.22,Brute force,2025-06-11 12:03:07
192.0.2.12,Upload malicioso,2025-06-10 02:33:07
198.51.100.23,Brute force,2025-06-13 21:44:07
203.0.113.5,SQL Injection,2025-06-08 15:33:07
203.0.113.5,Port scan,2025-06-11 16:14:07
192.168.1.1,Port scan,2025-06-08 23:52:07
192.0.2.12,Tentativa de acesso root,2025-06-14 06:00:07
203.0.113.22,Tentativa de acesso root,2025-06-13 05:20:07
203.0.113.5,Brute force,2025-06-10 06:08:07
192.168.1.1,Brute force,2025-06-13 02:52:07
203.0.113.5,XSS,2025-06-08 18:01:07
203.0.113.5,Upload malicioso,2025-06-08 23:06:07
172.16.0.3,Brute force,2025-06-09 06:08:07
10.0.0.45,Port scan,2025-06-12 07:01:07
203.0.113.22,XSS,2025-06-10 20:19:07
172.16.0.3,Port scan,2025-06-11 01:56:07
198.51.100.23,DDoS,2025-06-11 19:47:07
10.0.0.45,Brute force,2025-06-13 10:17:07
172.16.0.3,SQL Injection,2025-06-08 03:59:07
203.0.113.5,Brute force,2025-06-14 14:11:07
172.16.0.3,DDoS,2025-06-13 22:32:07
192.168.1.2,Port scan,2025-06-09 01:11:07
10.0.0.45,Tentativa de acesso root,2025-06-09 05:47:07
203.0.113.5,XSS,2025-06-08 16:48:07
203.0.113.5,Upload malicioso,2025-06-13 19:55:07
203.0.113.5,SQL Injection,2025-06-13 18:17:07
198.51.100.23,DDoS,2025-06-11 05:58:07
172.16.0.3,XSS,2025-06-14 15:50:07
203.0.113.22,Brute force,2025-06-13 02:24:07
192.168.1.2,Upload malicioso,2025-06-13 19:38:07
192.0.2.12,XSS,2025-06-11 16:09:07
10.0.0.45,Brute force,2025-06-09 22:23:07
203.0.113.5,Brute force,2025-06-10 18:14:07
192.168.1.1,Tentativa de login inválido,2025-06-11 02:57:07
192.0.2.12,Brute force,2025-06-08 00:40:07
203.0.113.22,Port scan,2025-06-11 13:46:07
203.0.113.5,Tentativa de login inválido,2025-06-10 05:58:07
192.168.1.2,SQL Injection,2025-06-11 02:18:07
203.0.113.5,Port scan,2025-06-09 20:43:07
192.168.1.2,Tentativa de acesso root,2025-06-08 14:53:07
10.0.0.45,Tentativa de login inválido,2025-06-08 10:11:07
203.0.113.5,Brute force,2025-06-09 06:53:07
192.168.1.1,Upload malicioso,2025-06-11 23:58:07
192.168.1.2,Brute force,2025-06-09 05:33:07
198.51.100.23,DDoS,2025-06-09 00:55:07
203.0.113.5,DDoS,2025-06-11 13:33:07
192.0.2.12,Upload malicioso,2025-06-13 08:43:07
10.0.0.45,Brute force,2025-06-09 20:04:07
203.0.113.5,Port scan,2025-06-12 00:06:07
192.0.2.12,XSS,2025-06-13 04:47:07
192.168.1.1,Upload malicioso,2025-06-11 14:25:07
192.0.2.12,Brute force,2025-06-14 14:18:07
192.168.1.1,Upload malicioso,2025-06-14 13:10:07
192.168.1.1,SQL Injection,2025-06-09 15:51:07
192.168.1.1,XSS,2025-06-12 19:56:07
192.168.1.2,Brute force,2025-06-10 03:45:07
10.0.0.45,Upload malicioso,2025-06-13 00:05:07
192.168.1.1,DDoS,2025-06-14 15:21:07
192.168.1.2,DDoS,2025-06-11 12:43:07
10.0.0.45,Tentativa de login inválido,2025-06-10 04:33:07
10.0.0.45,SQL Injection,2025-06-11 01:45:07
192.168.1.1,Tentativa de acesso root,2025-06-11 13:27:07
203.0.113.5,Tentativa de acesso root,2025-06-08 22:31:07
10.0.0.45,DDoS,2025-06-10 16:53:07
203.0.113.5,SQL Injection,2025-06-14 00:13:07
203.0.113.5,SQL Injection,2025-06-09 00:27:07
203.0.113.5,Tentativa de login inválido,2025-06-10 17:32:07
192.168.1.1,XSS,2025-06-12 00:31:07
198.51.100.23,SQL Injection,2025-06-09 14:49:07
203.0.113.22,Port scan,2025-06-11 13:19:07
192.0.2.12,XSS,2025-06-09 03:41:07
192.168.1.1,XSS,2025-06-10 01:41:07
192.0.2.12,DDoS,2025-06-12 01:32:07
172.16.0.3,Tentativa de acesso root,2025-06-10 21:50:07
192.0.2.12,Brute force,2025-06-13 03:28:07
198.51.100.23,SQL Injection,2025-06-14 03:53:07
172.16.0.3,Port scan,2025-06-08 02:40:07
203.0.113.5,Port scan,2025-06-12 09:32:07
203.0.113.22,XSS,2025-06-13 03:55:07
192.0.2.12,SQL Injection,2025-06-08 13:59:07
192.0.2.12,Tentativa de login inválido,2025-06-10 20:43:07
192.0.2.12,Port scan,2025-06-08 18:58:07
203.0.113.5,Brute force,2025-06-14 14:45:07
203.0.113.22,Upload malicioso,2025-06-12 11:17:07
10.0.0.45,XSS,2025-06-14 12:58:07
192.168.1.1,DDoS,2025-06-12 05:38:07
192.168.1.2,Tentativa de acesso root,2025-06-12 05:09:07
192.0.2.12,Tentativa de acesso root,2025-06-12 07:14:07
192.168.1.2,Port scan,2025-06-14 02:36:07
172.16.0.3,Tentativa de login inválido,2025-06-10 13:47:07
192.0.2.12,Port scan,2025-06-08 13:53:07
203.0.113.5,SQL Injection,2025-06-14 12:04:07
10.0.0.45,Tentativa de login inválido,2025-06-10 19:46:07
198.51.100.23,Upload malicioso,2025-06-11 04:54:07
10.0.0.45,XSS,2025-06-13 02:39:07
10.0.0.45,XSS,2025-06-10 14:56:07
192.0.2.12,Tentativa de acesso root,2025-06-10 21:06:07
172.16.0.3,Tentativa de login inválido,2025-06-09 21:11:07
192.168.1.2,Upload malicioso,2025-06-08 22:46:07
172.16.0.3,Tentativa de acesso root,2025-06-13 09:03:07
203.0.113.22,Tentativa de acesso root,2025-06-10 11:08:07
198.51.100.23,SQL Injection,2025-06-11 14:10:07
203.0.113.5,Port scan,2025-06-08 11:35:07
192.168.1.2,Brute force,2025-06-10 10:04:07
192.168.1.1,XSS,2025-06-11 00:25:07
172.16.0.3,Upload malicioso,2025-06-14 11:05:07
192.168.1.1,Tentativa de acesso root,2025-06-08 15:50:07
203.0.113.5,DDoS,2025-06-12 00:02:07
203.0.113.5,DDoS,2025-06-10 23:45:07
192.168.1.2,XSS,2025-06-11 17:29:07
192.0.2.12,Tentativa de login inválido,2025-06-12 22:58:07
198.51.100.23,Brute force,2025-06-09 06:26:07
203.0.113.22,Upload malicioso,2025-06-11 19:51:07
192.0.2.12,Port scan,2025-06-07 23:30:07
172.16.0.3,Brute force,2025-06-14 11:39:07
192.168.1.1,Tentativa de login inválido,2025-06-14 05:25:07
192.168.1.1,SQL Injection,2025-06-11 16:44:07
192.168.1.2,XSS,2025-06-13 15:43:07
203.0.113.5,Brute force,2025-06-10 15:05:07
192.0.2.12,DDoS,2025-06-13 04:34:07
198.51.100.23,Brute force,2025-06-09 06:56:07
10.0.0.45,SQL Injection,2025-06-09 23:37:07
192.0.2.12,Brute force,2025-06-10 19:12:07
192.168.1.2,Port scan,2025-06-08 12:31:07
192.168.1.2,XSS,2025-06-08 09:31:07
172.16.0.3,Brute force,2025-06-09 14:54:07
203.0.113.5,SQL Injection,2025-06-10 23:44:07
172.16.0.3,SQL Injection,2025-06-09 20:47:07
192.168.1.2,Port scan,2025-06-11 14:13:07
192.0.2.12,Tentativa de login inválido,2025-06-10 09:58:07
10.0.0.45,Brute force,2025-06-11 03:45:07
203.0.113.22,SQL Injection,2025-06-09 08:23:07
198.51.100.23,Tentativa de login inválido,2025-06-12 21:00:07
192.168.1.1,Tentativa de login inválido,2025-06-10 17:02:07
198.51.100.23,SQL Injection,2025-06-12 01:43:07
203.0.113.22,DDoS,2025-06-12 16:17:07
203.0.113.22,Tentativa de acesso root,2025-06-14 06:12:07
192.168.1.2,SQL Injection,2025-06-10 23:13:07
198.51.100.23,SQL Injection,2025-06-11 02:15:07
10.0.0.45,Tentativa de login inválido,2025-06-09 15:13:07
203.0.113.5,Tentativa de login inválido,2025-06-10 21:05:07
203.0.113.5,DDoS,2025-06-10 14:18:07
172.16.0.3,Port scan,2025-06-10 05:11:07
203.0.113.5,Port scan,2025-06-10 06:36:07
192.168.1.2,DDoS,2025-06-07 23:47:07
192.168.1.2,SQL Injection,2025-06-08 03:37:07
203.0.113.5,Tentativa de login inválido,2025-06-12 20:11:07
192.168.1.1,DDoS,2025-06-10 15:19:07
198.51.100.23,Port scan,2025-06-12 05:45:07
10.0.0.45,Port scan,2025-06-08 03:05:07
172.16.0.3,XSS,2025-06-09 06:56:07
203.0.113.5,Port scan,2025-06-09 02:26:07
198.51.100.23,Port scan,2025-06-08 06:59:07
203.0.113.22,XSS,2025-06-12 05:37:07
203.0.113.22,XSS,2025-06-08 21:48:07
203.0.113.5,DDoS,2025-06-13 23:45:07
172.16.0.3,Upload malicioso,2025-06-12 16:57:07
203.0.113.5,Tentativa de acesso root,2025-06-09 07:46:07
172.16.0.3,Brute force,2025-06-10 03:09:07
203.0.113.22,Upload malicioso,2025-06-13 12:31:07
203.0.113.5,SQL Injection,2025-06-11 14:56:07
10.0.0.45,SQL Injection,2025-06-09 00:35:07
192.0.2.12,Tentativa de acesso root,2025-06-10 19:28:07
10.0.0.45,Tentativa de acesso root,2025-06-13 01:00:07
10.0.0.45,Tentativa de login inválido,2025-06-12 19:11:07
192.168.1.1,Tentativa de acesso root,2025-06-09 18:43:07
203.0.113.5,Tentativa de acesso root,2025-06-10 13:53:07
198.51.100.23,Port scan,2025-06-10 10:28:07
192.168.1.1,Tentativa de acesso root,2025-06-11 20:08:07
172.16.0.3,XSS,2025-06-12 09:24:07
192.168.1.1,Tentativa de acesso root,2025-06-09 07:56:07
203.0.113.5,XSS,2025-06-12 08:46:07
192.168.1.1,Tentativa de login inválido,2025-06-13 16:35:07
172.16.0.3,DDoS,2025-06-13 11:15:07
198.51.100.23,Brute force,2025-06-11 23:49:07
198.51.100.23,XSS,2025-06-11 07:57:07
192.168.1.2,Tentativa de acesso root,2025-06-11 11:32:07
172.16.0.3,SQL Injection,2025-06-09 09:16:07
192.0.2.12,SQL Injection,2025-06-14 06:34:07
203.0.113.5,Tentativa de acesso root,2025-06-08 19:50:07
192.168.1.1,Upload malicioso,2025-06-08 00:01:07
203.0.113.5,Tentativa de acesso root,2025-06-11 00:26:07
192.0.2.12,SQL Injection,2025-06-13 17:45:07
172.16.0.3,XSS,2025-06-11 22:56:07
172.16.0.3,DDoS,2025-06-08 03:30:07
172.16.0.3,XSS,2025-06-10 04:57:07
203.0.113.5,SQL Injection,2025-06-13 00:11:07
203.0.113.22,DDoS,2025-06-13 18:14:07
198.51.100.23,SQL Injection,2025-06-09 17:33:07
192.168.1.1,Upload malicioso,2025-06-09 21:14:07
192.168.1.1,DDoS,2025-06-13 03:27:07
192.0.2.12,Tentativa de login inválido,2025-06-12 22:05:07
203.0.113.22,XSS,2025-06-11 06:47:07
10.0.0.45,Tentativa de login inválido,2025-06-14 13:34:07
203.0.113.22,Upload malicioso,2025-06-10 14:37:07
10.0.0.45,Brute force,2025-06-09 20:40:07
203.0.113.5,SQL Injection,2025-06-11 00:33:07
203.0.113.5,Upload malicioso,2025-06-12 13:45:07
192.168.1.1,Upload malicioso,2025-06-08 10:00:07
192.0.2.12,Brute force,2025-06-14 08:54:07
203.0.113.5,SQL Injection,2025-06-14 06:27:07
10.0.0.45,XSS,2025-06-10 12:59:07
203.0.113.5,Tentativa de login inválido,2025-06-09 12:18:07
203.0.113.22,Brute force,2025-06-12 14:16:07
192.0.2.12,DDoS,2025-06-11 14:01:07
192.168.1.1,XSS,2025-06-13 08:01:07
203.0.113.22,Brute force,2025-06-14 03:42:07
203.0.113.5,Tentativa de acesso root,2025-06-09 00:25:07
192.0.2.12,Brute force,2025-06-08 17:20:07
172.16.0.3,Upload malicioso,2025-06-08 21:40:07
203.0.113.22,XSS,2025-06-09 07:10:07
198.51.100.23,Tentativa de acesso root,2025-06-10 21:23:07
192.168.1.1,Port scan,2025-06-08 13:04:07
192.168.1.2,DDoS,2025-06-11 12:28:07
172.16.0.3,Upload malicioso,2025-06-11 09:28:07
203.0.113.5,SQL Injection,2025-06-09 01:30:07
192.168.1.1,Tentativa de login inválido,2025-06-12 07:08:07
203.0.113.22,DDoS,2025-06-13 23:09:07
198.51.100.23,Brute force,2025-06-10 04:34:07
203.0.113.22,XSS,2025-06-13 08:35:07
10.0.0.45,Port scan,2025-06-08 19:29:07
198.51.100.23,Brute force,2025-06-12 03:17:07
192.168.1.2,XSS,2025-06-08 14:27:07
192.168.1.2,Upload malicioso,2025-06-09 13:51:07
203.0.113.5,Upload malicioso,2025-06-08 21:29:07
172.16.0.3,SQL Injection,2025-06-12 20:28:07
172.16.0.3,XSS,2025-06-10 12:12:07
192.0.2.12,Upload malicioso,2025-06-09 18:24:07
198.51.100.23,Brute force,2025-06-10 04:47:07
192.0.2.12,Brute force,2025-06-13 01:33:07
203.0.113.22,Port scan,2025-06-10 14:30:07
10.0.0.45,Port scan,2025-06-14 08:19:07
203.0.113.22,Port scan,2025-06-08 09:01:07
198.51.100.23,SQL Injection,2025-06-11 01:36:07
172.16.0.3,Brute force,2025-06-08 09:58:07
198.51.100.23,Brute force,2025-06-08 22:39:07
203.0.113.22,Port scan,2025-06-12 12:30:07
172.16.0.3,DDoS,2025-06-10 15:54:07
172.16.0.3,Tentativa de acesso root,2025-06-13 01:17:07
192.168.1.1,SQL Injection,2025-06-10 01:31:07
203.0.113.5,Brute force,2025-06-09 11:50:07
203.0.113.22,DDoS,2025-06-13 02:57:07
203.0.113.5,Brute force,2025-06-13 18:51:07
10.0.0.45,Tentativa de login inválido,2025-06-08 09:35:07
192.168.1.1,SQL Injection,2025-06-10 16:27:07
203.0.113.22,Tentativa de login inválido,2025-06-08 10:05:07
192.168.1.2,XSS,2025-06-11 08:53:07
192.168.1.2,Tentativa de acesso root,2025-06-08 00:56:07
192.168.1.2,DDoS,2025-06-09 02:26:07
192.168.1.1,SQL Injection,2025-06-12 13:11:07
10.0.0.45,DDoS,2025-06-10 23:33:07
